{
    "model_name": "traffic_sign_cnn",
    "timestamp": "20251221_014025",
    "image_size": [
        64,
        64
    ],
    "training_samples": 960,
    "final_train_accuracy": 0.9978867769241333,
    "final_val_accuracy": 0.9972793459892273,
    "best_val_accuracy": 0.9977895021438599,
    "test_accuracy": 0.9974498748779297,
    "test_loss": 0.013905143365263939,
    "training_time_epochs": 30
}