{
    "n_splits": 5,
    "model_type": "standard",
    "mean_accuracy": 0.9957093368751728,
    "std_accuracy": 0.0033335923081861847,
    "fold_accuracies": [
        0.9972997299729973,
        0.989048904890489,
        0.9971492873218305,
        0.9975993998499625,
        0.9974493623405851
    ],
    "timestamp": "2025-12-31 11:15:08"
}